file,target
5-001.png,5
4-001.png,4
1-001.png,1
9-001.png,9
2-001.png,2
1-002.png,1
3-001.png,3
1-003.png,1
4-002.png,4
3-002.png,3
5-002.png,5
3-003.png,3
6-001.png,6
1-004.png,1
7-001.png,7
2-002.png,2
8-001.png,8
6-002.png,6
9-002.png,9
4-003.png,4
9-003.png,9
1-005.png,1
1-006.png,1
2-003.png,2
4-004.png,4
3-004.png,3
2-004.png,2
7-002.png,7
3-005.png,3
8-002.png,8
6-003.png,6
9-004.png,9
5-003.png,5
6-004.png,6
7-003.png,7
6-005.png,6
1-007.png,1
8-003.png,8
7-004.png,7
9-005.png,9
3-006.png,3
9-006.png,9
8-004.png,8
5-004.png,5
9-007.png,9
3-007.png,3
3-008.png,3
7-005.png,7
4-005.png,4
9-008.png,9
8-005.png,8
9-009.png,9
4-006.png,4
1-008.png,1
4-007.png,4
4-008.png,4
6-006.png,6
4-009.png,4
5-005.png,5
6-007.png,6
1-009.png,1
1-010.png,1
7-006.png,7
1-011.png,1
6-008.png,6
3-009.png,3
2-005.png,2
1-012.png,1
1-013.png,1
7-007.png,7
9-010.png,9
2-006.png,2
6-009.png,6
7-008.png,7
8-006.png,8
3-010.png,3
9-011.png,9
4-010.png,4
6-010.png,6
7-009.png,7
4-011.png,4
6-011.png,6
8-007.png,8
7-010.png,7
8-008.png,8
3-011.png,3
1-014.png,1
5-006.png,5
7-011.png,7
1-015.png,1
7-012.png,7
1-016.png,1
1-017.png,1
6-012.png,6
3-012.png,3
2-007.png,2
9-012.png,9
3-013.png,3
1-018.png,1
1-019.png,1
4-012.png,4
9-013.png,9
2-008.png,2
2-009.png,2
2-010.png,2
7-013.png,7
1-020.png,1
8-009.png,8
6-013.png,6
4-013.png,4
1-021.png,1
6-014.png,6
3-014.png,3
4-014.png,4
5-007.png,5
9-014.png,9
1-022.png,1
3-015.png,3
3-016.png,3
8-010.png,8
5-008.png,5
4-015.png,4
7-014.png,7
7-015.png,7
4-016.png,4
2-011.png,2
8-011.png,8
5-009.png,5
8-012.png,8
6-015.png,6
7-016.png,7
3-017.png,3
4-017.png,4
6-016.png,6
1-023.png,1
9-015.png,9
9-016.png,9
6-017.png,6
3-018.png,3
7-017.png,7
2-012.png,2
8-013.png,8
2-013.png,2
9-017.png,9
4-018.png,4
4-019.png,4
6-018.png,6
4-020.png,4
9-018.png,9
7-018.png,7
9-019.png,9
2-014.png,2
9-020.png,9
5-010.png,5
1-024.png,1
5-011.png,5
9-021.png,9
1-025.png,1
2-015.png,2
3-019.png,3
2-016.png,2
3-020.png,3
5-012.png,5
9-022.png,9
1-026.png,1
7-019.png,7
6-019.png,6
2-017.png,2
8-014.png,8
2-018.png,2
2-019.png,2
5-013.png,5
7-020.png,7
4-021.png,4
9-023.png,9
7-021.png,7
8-015.png,8
3-021.png,3
2-020.png,2
1-027.png,1
1-028.png,1
8-016.png,8
3-022.png,3
6-020.png,6
1-029.png,1
3-023.png,3
1-030.png,1
1-031.png,1
7-022.png,7
2-021.png,2
7-023.png,7
3-024.png,3
4-022.png,4
6-021.png,6
5-014.png,5
2-022.png,2
6-022.png,6
4-023.png,4
7-024.png,7
1-032.png,1
8-017.png,8
9-024.png,9
9-025.png,9
3-025.png,3
7-025.png,7
1-033.png,1
2-023.png,2
3-026.png,3
5-015.png,5
4-024.png,4
6-023.png,6
5-016.png,5
8-018.png,8
6-024.png,6
3-027.png,3
7-026.png,7
5-017.png,5
8-019.png,8
9-026.png,9
1-034.png,1
0-030.png,0
3-028.png,3
1-035.png,1
2-024.png,2
2-025.png,2
3-029.png,3
3-030.png,3
6-025.png,6
4-025.png,4
7-027.png,7
5-018.png,5
0-031.png,0
6-026.png,6
2-026.png,2
7-028.png,7
9-027.png,9
8-020.png,8
5-019.png,5
9-028.png,9
2-027.png,2
1-036.png,1
1-037.png,1
4-026.png,4
4-027.png,4
5-020.png,5
6-027.png,6
4-028.png,4
1-038.png,1
2-028.png,2
5-021.png,5
3-031.png,3
9-029.png,9
3-032.png,3
9-030.png,9
0-032.png,0
5-022.png,5
9-031.png,9
6-028.png,6
5-023.png,5
7-029.png,7
4-029.png,4
1-039.png,1
3-033.png,3
4-030.png,4
0-033.png,0
4-031.png,4
8-021.png,8
0-034.png,0
4-032.png,4
3-034.png,3
6-029.png,6
8-022.png,8
7-030.png,7
6-030.png,6
0-035.png,0
9-032.png,9
7-031.png,7
5-024.png,5
7-032.png,7
2-029.png,2
1-040.png,1
6-031.png,6
8-023.png,8
9-033.png,9
4-033.png,4
5-025.png,5
2-030.png,2
2-031.png,2
9-034.png,9
0-036.png,0
3-035.png,3
9-035.png,9
6-032.png,6
7-033.png,7
2-032.png,2
0-037.png,0
3-036.png,3
5-026.png,5
4-034.png,4
3-037.png,3
6-033.png,6
5-027.png,5
8-024.png,8
9-036.png,9
5-028.png,5
4-035.png,4
7-034.png,7
4-036.png,4
2-033.png,2
7-035.png,7
3-038.png,3
4-037.png,4
8-025.png,8
9-037.png,9
9-038.png,9
2-034.png,2
8-026.png,8
7-036.png,7
9-039.png,9
8-027.png,8
7-037.png,7
4-038.png,4
3-039.png,3
0-038.png,0
2-035.png,2
3-040.png,3
9-040.png,9
4-039.png,4
2-036.png,2
6-034.png,6
8-028.png,8
4-040.png,4
7-038.png,7
7-039.png,7
2-037.png,2
5-029.png,5
7-040.png,7
2-038.png,2
2-039.png,2
2-040.png,2
8-029.png,8
6-035.png,6
8-030.png,8
6-036.png,6
5-030.png,5
0-039.png,0
6-037.png,6
5-031.png,5
8-031.png,8
5-032.png,5
8-032.png,8
5-033.png,5
8-033.png,8
5-034.png,5
6-038.png,6
0-040.png,0
6-039.png,6
6-040.png,6
5-035.png,5
8-034.png,8
8-035.png,8
8-036.png,8
5-036.png,5
8-037.png,8
5-037.png,5
5-038.png,5
8-038.png,8
5-039.png,5
8-039.png,8
5-040.png,5
8-040.png,8
